"name","length","width","color"
"Pamella",13.92,12.09,"green"
"Doc",13.74,12.79,"green"
"Torrey",12.23,13.11,"orange"
"Johana",13.04,12.51,"green"
"Lanita",12.65,14.29,"red"
"Floretta",13.08,13.12,"yellow"
"Vincenza",12.84,14.38,"blue"
"Noelle",13.32,12.1,"orange"
"Ezekiel",13.34,12.91,"yellow"
"Alexandre",12.8,14.42,"orange"
"Crete",13.22,12.8,"green"
"Felecia",13.45,13.74,"orange"
"Darlyne",13.12,12.23,"orange"
"Micah",13.13,13.73,"green"
"Aili",13.06,11.66,"blue"
"Hamp",13.27,12.16,"red"
"Scarlet",12.85,11.64,"blue"
"Braedon",12.49,11.63,"red"
"Charlotta",13.02,12.83,"yellow"
"Loula",13.62,13.91,"blue"
"Pinkney",12.42,13.22,"yellow"
"Estelle",12.9,12.29,"yellow"
"Deliah",12.49,13.77,"red"
"Dequan",12.95,12.85,"red"
"Clovis",12.97,13.74,"yellow"
"Brigid",13.19,13.35,"blue"
"Arlo",12.36,13.22,"yellow"
"Marnie",12.89,11.99,"green"
"Kaye",12.91,14,"red"
"Nichole",13.38,12.4,"green"
"Gwyn",12.48,14.38,"yellow"
"Ana",12.85,13.44,"green"
"Theodosia",12.63,13.09,"green"
"Che",13.54,13.81,"orange"
"Cletus",13.2,12.88,"yellow"
"Amiya",12.48,12.26,"yellow"
"Harvey",13.05,13.23,"yellow"
"Rayfield",12.22,13.09,"green"
"Timmothy",13.11,11.65,"orange"
"Isabel",13.88,13.66,"green"
"Kailee",12.81,12.49,"orange"
"Valarie",12.11,13.89,"orange"
"Shirlie",11.76,12.53,"orange"
"Barry",13.4,14.38,"orange"
"Marquita",12.79,12.3,"blue"
"Rosabelle",13.3,13.28,"green"
"Junia",13.73,12.31,"blue"
"Elon",12.64,12.35,"green"
"Ellar",13.35,13.25,"red"
"Dina",13.12,13.36,"yellow"
"Deane",12.42,13.49,"red"
"Jett",13.29,12.97,"red"
"Nolan",13.3,11.79,"blue"
"Alexandria",12.9,12.08,"red"
"Camden",12.85,12.5,"blue"
"Dot",12.83,13.6,"green"
"Aliyah",12.44,14.3,"yellow"
"Jaleesa",12.96,12.95,"yellow"
"Montie",13.15,14.47,"red"
"Kristen",12.49,12.92,"blue"
"Lorenz",12.68,13.27,"blue"
"Christiana",12.43,12.32,"blue"
"Luciano",12.93,12.13,"blue"
"Creed",13.21,11.7,"green"
"Elisha",13.24,13.09,"green"
"Yair",12.35,11.85,"red"
"Israel",12.58,13.43,"yellow"
"Lyman",12.79,12.75,"yellow"
"Kali",12.77,13.42,"green"
"Elisa",12.49,13.96,"green"
"Evelin",13.49,14.01,"orange"
"Gabrielle",13.49,12.31,"blue"
"Afton",13.59,13.86,"yellow"
"Brinda",13.65,12.92,"blue"
"Deangelo",13.82,14.48,"orange"
"Dayna",12.84,13.61,"blue"
"Sariah",13.58,12.4,"green"
"Ruben",13.01,13.1,"red"
"Vinnie",13.3,13.57,"blue"
"Alysha",12.6,11.53,"red"
"Danielle",13.18,14.11,"yellow"
"Nathaly",13.22,12.44,"green"
"Willy",13.57,11.76,"blue"
"Jocelynn",13.49,14.41,"blue"
"Destinee",13,12.54,"yellow"
"Michal",13.76,13.54,"green"
"Delphine",11.84,14.32,"yellow"
"Brayden",11.85,12.54,"blue"
"Makai",13.4,13.19,"orange"
"Attilio",13.42,11.53,"green"
"Leanna",13.45,11.93,"green"
"Skye",12.03,13.22,"green"
"Georgie",12.58,11.62,"green"
"Stoney",12.67,14.04,"orange"
"Manervia",12.85,13.52,"orange"
"Irven",12.7,12.85,"orange"
"Jethro",12.48,11.83,"yellow"
"King",14.42,13.28,"blue"
"Adriana",12.4,14.21,"green"
"Keshaun",12.71,12.37,"yellow"
"Joellen",12.63,13.05,"blue"
"Margarette",12.24,12.71,"red"
"Denine",13.46,12.46,"orange"
"Kelan",12.74,14.12,"green"
"Meryl",12.84,13.77,"red"
"Rolanda",13.17,14.06,"yellow"
"Lemmie",13.05,13.4,"red"
"Santana",13.02,13.92,"yellow"
"Makayla",13.16,11.85,"orange"
"Artie",12.33,14.2,"yellow"
"Hyrum",12.42,11.83,"blue"
"Allyn",13.5,12.59,"green"
"Reuben",13.38,11.82,"red"
"Ferd",12.74,11.81,"blue"
"Tammie",13.81,12.49,"blue"
"Katerina",13.18,12.39,"yellow"
"Elroy",13.05,11.59,"yellow"
"Guthrie",12.4,12.44,"yellow"
"Danny",12.92,13.07,"yellow"
"Griselda",12.6,12.63,"red"
"Lucy",12.73,14.3,"red"
"Ewald",13.9,12.5,"orange"
"Aliana",13.24,14.23,"red"
"Bev",13.46,11.87,"red"
"Sada",12.39,14.15,"orange"
"Arnulfo",12.09,12.22,"green"
"Harrie",12.84,11.92,"blue"
"Miguel",12.68,11.9,"green"
"Malaki",12.86,12.1,"red"
"Odell",12.67,14.44,"yellow"
"Mona",12.68,12.32,"red"
"Ignacio",13.13,13.4,"yellow"
"Nolie",13.16,11.91,"red"
"Denzell",12.79,12.72,"yellow"
"Marlie",12.44,13.18,"red"
"Marley",12.72,13.57,"orange"
"Greta",13.15,12.11,"blue"
"Barrie",12.61,13.83,"yellow"
"Shelva",13.18,12.47,"green"
"Heidy",12.95,13.1,"red"
"Jerrod",13.42,12.56,"orange"
"Lemon",13.36,13.3,"red"
"Crista",12.29,12.49,"orange"
"Pamala",11.82,14.09,"orange"
"Neveah",13.01,11.8,"green"
"Dillie",13.03,13.01,"blue"
"Dempsey",13.56,13.98,"blue"
"Valencia",13.4,12.91,"blue"
"Pierce",13.41,12.25,"yellow"
"Aja",12.9,12.84,"green"
"Adela",12.5,13.74,"orange"
"Austen",13.76,14.34,"yellow"
"Shavonne",13.15,13.76,"red"
"Kandy",12.19,12.17,"orange"
"Johnson",13.45,12.85,"yellow"
"Arturo",12.91,13.37,"orange"
"Young",12.56,13.82,"blue"
"Gabriella",12.61,13.74,"green"
"Fleeta",12.77,12.13,"yellow"
"Nena",13.07,12.74,"red"
"Verlin",13.49,12.3,"orange"
"Ressie",12.59,11.87,"orange"
"Irva",12.4,13.22,"blue"
"Haruko",12.37,13.23,"yellow"
"Boris",13.84,13.05,"orange"
"Nyasia",13.69,11.51,"red"
"Milas",13.19,13.13,"green"
"Nautica",12.77,12.59,"red"
"Norval",13.03,13.77,"orange"
"Othel",12.41,13.95,"blue"
"Davina",12.94,12.25,"blue"
"Carmella",12.78,14.37,"red"
"Stone",13.34,14.43,"blue"
"Jarred",12.09,12.88,"yellow"
"Jayda",13.24,13.76,"green"
"Kenney",12.77,11.91,"blue"
"Leisa",12.91,13.03,"blue"
"Raoul",12.53,14.39,"orange"
"Siobhan",12.44,12.64,"orange"
"Carlie",11.88,12.88,"blue"
"Belle",11.85,12.75,"yellow"
"Keshawn",13.1,12.79,"green"
"Bethel",12.47,14.41,"orange"
"Gilmer",13.84,13.37,"blue"
"Payten",12.89,12.39,"blue"
"Enos",12.56,13.84,"orange"
"Lambert",12.78,12.54,"orange"
"Kamryn",12.59,12.99,"orange"
"Fronie",13.02,13.16,"green"
"Josh",12.96,14.22,"orange"
"Donna",12.74,12.05,"blue"
"Thea",13.62,11.74,"orange"
"Trevor",12.59,14.23,"red"
"Mariah",12.81,13.5,"orange"
"Trevin",13.13,12.32,"red"
"Mechelle",13.15,13.33,"green"
"Lawton",12.58,13.04,"red"
"Arianna",12.6,14.45,"green"
"Garland",13,14.46,"yellow"
"Horton",12.54,12.66,"orange"
"Timothy",12.01,13.37,"blue"
"Alyse",13.49,13.51,"red"
"Jackson",12.97,13.9,"orange"
"Author",12.1,12.08,"yellow"
"Rylee",14.33,12.68,"red"
"Lisbeth",13.01,12.81,"blue"
"Rhea",13.32,12.77,"orange"
"Arnav",13.92,12.98,"green"
"Wayde",13.85,11.8,"orange"
"Ara",12.84,12.03,"blue"
"Jenelle",12.3,14.09,"red"
"Lon",13.03,11.76,"red"
"Jazmyne",12.5,12.54,"orange"
"Amanda",12.92,12.6,"yellow"
"Darrion",12.6,12.85,"yellow"
"Giovanni",13.62,14.04,"red"
"Joana",12.73,13.78,"yellow"
"Shena",13.3,12.99,"yellow"
"Menachem",13.57,14.16,"red"
"Epsie",12.69,11.68,"blue"
"Christel",12.77,11.92,"red"
"Alexys",13.18,13.4,"blue"
"Hunter",12.83,11.7,"blue"
"Amey",11.99,14.17,"blue"
"Valentino",13.75,12.15,"green"
"Eller",13.55,13.34,"yellow"
"Sally",12.25,13.84,"blue"
"Barron",12.87,12.33,"green"
"Landon",13.06,13.59,"yellow"
"Elvin",12.67,13.17,"blue"
"Junior",13.51,14.02,"red"
"Vidal",13.77,13.47,"blue"
"Lolla",13.25,12.22,"red"
"Son",13.39,13.47,"yellow"
"Dorian",12.97,13.85,"red"
"Danna",13.75,14.4,"yellow"
"Guido",12.22,13.78,"orange"
"Hedy",13.18,13.62,"blue"
"Linus",14.02,12.08,"red"
"Yuliana",12.34,12.97,"blue"
"Evette",12.67,14.2,"green"
"Evaline",13.63,12.09,"blue"
"Coraima",13.25,12.6,"orange"
"Brady",13.68,13.24,"green"
"Tera",13.59,11.92,"orange"
"Kristine",12.64,12.64,"red"
"Toivo",12.34,14.25,"orange"
"Deandre",13.4,12.02,"blue"
"Julious",12.88,14.49,"orange"
"Huston",14.03,12.82,"blue"
"Lorenzo",12.46,12.6,"yellow"
"Arlan",13.6,12.73,"yellow"
"Juston",12.73,11.98,"green"
"Wendi",12.47,13.26,"red"
"Keifer",12.85,12.16,"orange"
"Burley",12.78,11.91,"red"
"Sussie",12.86,14.31,"orange"
"Parker",12.29,13.58,"orange"
"Lutie",12.91,13.14,"yellow"
"Violetta",12.91,11.98,"orange"
"Ewin",12.56,12.34,"yellow"
"Vincent",12.62,13.52,"orange"
"Lisette",13.41,11.84,"orange"
"Millicent",13.09,12.2,"blue"
"Antwan",12.61,13.93,"green"
"Rusty",13.37,13.5,"green"
"Elvis",11.99,13.35,"green"
"Gabriela",13.09,11.79,"yellow"
"Noemie",13.11,12.1,"orange"
"Dulcie",13.74,12.82,"red"
"Elvira",13.39,12.86,"green"
"Val",12.39,13.69,"orange"
"Milo",12.12,13.81,"blue"
"Eda",12.63,14.04,"orange"
"Dejuan",13.14,13.03,"blue"
"Taja",13.57,13.31,"yellow"
"Dasia",13.54,14.48,"orange"
"Tinie",13.53,13.16,"blue"
"Hazen",12.58,14.14,"red"
"Izaiah",12.88,13.27,"yellow"
"Faron",13.67,11.57,"blue"
"Ethelbert",11.63,12.6,"green"
"Arba",12.33,13.24,"red"
"Nayeli",13.01,11.88,"blue"
"Dayton",12.42,11.63,"blue"
"Gunner",12.98,12.56,"green"
"Nunzio",13.28,13.77,"orange"
"Bernardine",13.17,14.16,"blue"
"Foy",12.98,11.82,"orange"
"Ignatz",12.75,13.06,"blue"
"Leigh",12.62,11.79,"green"
"Karyme",13.74,11.76,"green"
"Hoke",13.14,11.99,"yellow"
"Osa",13.27,12.93,"yellow"
"Hermina",12.53,12.1,"blue"
"Isabell",14.14,14.43,"red"
"Cooper",12.5,14.07,"orange"
"Rosalinda",12.02,13.79,"green"
"Fed",12.65,13.04,"yellow"
"Shanna",13.34,14.08,"red"
"Marlena",13.47,11.77,"green"
"Horace",13.08,14.05,"green"
"Crysta",14.01,14.47,"blue"
"Kinte",13.24,12.87,"green"
"Althea",11.8,13.29,"blue"
"Denita",12.66,11.85,"yellow"
"Kamora",11.91,13.6,"red"
"Jordon",13.02,14.39,"red"
"Delfina",13.25,13.23,"red"
"Reagan",14.33,13.54,"green"
"Guadalupe",12.87,11.82,"yellow"
"Silvester",13.72,13.88,"orange"
"Matie",13.06,14.1,"green"
"Aleah",14.37,13.43,"yellow"
"Dorene",11.98,12.92,"orange"
"Clement",12.58,11.64,"blue"
"Loretta",13.05,14.37,"green"
"Amalie",12.03,14.41,"orange"
"Lena",12.44,12.81,"blue"
"Alpheus",12.63,11.73,"green"
"Shanika",12.97,14.43,"red"
"Amy",12.46,11.94,"red"
"Yessenia",12.43,11.6,"green"
"Juanita",13.59,12.62,"red"
"Alf",12.42,12.14,"orange"
"Aimee",12.83,12.24,"red"
"Porsche",13.87,13.53,"yellow"
"Alferd",12.79,13.39,"orange"
"Isaak",11.99,12.2,"green"
"Waverly",12.23,11.56,"red"
"Kaylan",12.7,12.5,"red"
"Shanae",12.75,11.7,"blue"
"Tyrell",13.97,11.55,"blue"
"Selah",12.77,13.66,"orange"
"Ellsworth",13.1,12.37,"blue"
"Adriene",12.5,12.28,"green"
"Earl",13,14.41,"green"
"Boston",12.8,13.76,"blue"
"Emile",13.25,12.61,"blue"
"Marnita",12.53,12.76,"green"
"Marla",12.28,14.27,"red"
"Claudius",13.18,13.06,"green"
"Bluford",13.98,12.4,"yellow"
"Mohammed",12.37,11.98,"green"
"Stacia",12.87,13.96,"red"
"Avie",13.97,11.67,"blue"
"Muhammad",12.32,13.94,"red"
"Semaj",12.26,13.17,"orange"
"Nanci",12.88,12.78,"orange"
"Meda",14.28,13.01,"yellow"
"Hamza",12.39,13.11,"orange"
"Rose",13.14,12.75,"blue"
"Oleta",12.63,12.3,"yellow"
"Ivette",12.82,12.36,"yellow"
"Randi",13.74,12.82,"orange"
"Cheyenne",13.35,13.42,"blue"
"Zita",13.2,14.37,"green"
"Emily",13.44,14.33,"green"
"Brant",12.51,12.23,"green"
"Donavan",12.85,14.15,"green"
"Braeden",13.03,11.54,"blue"
"Graciela",13.14,12.25,"green"
"Wirt",13.18,14.17,"green"
"Cristina",13.49,12.39,"orange"
"Luberta",13.74,14.35,"red"
"Tawanna",12.64,12.49,"red"
"Christi",12.68,12.46,"red"
"Alannah",13.45,13.74,"red"
"Brynn",13.65,11.76,"yellow"
"French",12.64,13.41,"orange"
"Hiroshi",12.69,11.6,"red"
"Ryker",13.23,14.48,"blue"
"Hideo",13.21,13.19,"yellow"
"Oliva",12.49,11.88,"red"
"Janyce",12.89,13.47,"blue"
"Milissa",12.11,13.52,"blue"
"Buel",13.48,12.82,"blue"
"Shamika",13.05,13.96,"blue"
"Ethelyn",13.72,13.82,"yellow"
"Lige",13.11,11.66,"blue"
"Caiden",12.67,12.39,"orange"
"Rhonda",12.8,12.31,"red"
"Theophile",12.5,11.57,"yellow"
"Neil",13.48,11.91,"yellow"
"Carrie",13.35,11.96,"green"
"Camron",12.39,11.99,"yellow"
"Della",13.27,12.9,"green"
"Alys",13.23,12.76,"blue"
"Ogden",12.66,13.96,"yellow"
"Ole",13.22,14.37,"yellow"
"Francis",13.21,13.67,"green"
"Baldwin",12.48,13.81,"green"
"Brionna",12.73,13.53,"blue"
"Eliseo",12.52,13.94,"blue"
"Katharine",13.11,12.25,"orange"
"Hoyt",13.11,13.81,"yellow"
"James",12.68,12.94,"yellow"
"Talen",13.33,11.89,"green"
"Curtis",12.58,11.93,"yellow"
"Justice",12.54,12.41,"red"
"Meghan",12.81,13.03,"red"
"Gael",13.04,13.28,"green"
"Grady",12.76,14.13,"green"
"Dawson",13.18,12.24,"yellow"
"Lita",13.44,12.13,"red"
"Wanita",13.07,13.88,"yellow"
"Miley",12.85,12.77,"yellow"
"Karrie",13,12.47,"orange"
"Lizabeth",13.35,11.63,"green"
"Nyla",12.05,14.19,"red"
"Ellie",12.93,13.15,"orange"
"Chet",13.51,13.31,"blue"
"Sheryll",13.15,13.92,"yellow"
"Jaylyn",12.93,14.01,"green"
"Ena",13.79,13.38,"green"
"Cammie",13.08,11.83,"green"
"Myrtis",12.63,12.81,"blue"
"Johnathan",12.35,13.7,"orange"
"Estela",12.57,11.9,"yellow"
"Demetria",12.99,14.22,"yellow"
"Emeline",12.6,13.1,"green"
"Katie",13.17,13.28,"orange"
"Gorden",13.57,11.89,"red"
"Alzina",14.25,12.56,"red"
"Duke",13.37,13.85,"orange"
"Aubrey",12.67,14.29,"blue"
"Rachael",12.3,11.69,"green"
"Tomeka",13.3,12.83,"orange"
"Aline",13.54,11.94,"green"
"Buna",12.58,11.61,"blue"
"Gracia",13,13.54,"red"
"Collette",13.15,11.85,"red"
"Alvan",12.81,11.8,"yellow"
"Auston",12.72,13.51,"blue"
"Thorwald",13.17,14.4,"green"
"Eithel",12.24,13.54,"red"
"Willia",12.95,13.21,"green"
"Enid",12.83,12.15,"green"
"Orris",13.13,13.41,"red"
"Nettie",13.55,13.26,"orange"
"Mac",14.09,13.4,"red"
"Jetta",13.69,13.89,"orange"
"Landin",13.23,12.56,"yellow"
"Enzo",12.53,11.65,"green"
"Milburn",14.09,13.04,"orange"
"Julius",12.55,13.49,"yellow"
"Violeta",13.78,12.65,"yellow"
"Solon",12.36,11.92,"blue"
"Kaleigh",11.84,12.65,"yellow"
"Madie",13.1,13.14,"blue"
"Shawnee",12.6,12.8,"orange"
"Annabel",13.01,12.78,"green"
"Branch",13.2,13.89,"yellow"
"Brent",14.53,14.38,"orange"
"Perri",12.97,11.8,"orange"
"Julissa",13.28,11.92,"green"
"Tyra",13.07,14.08,"blue"
"Georgetta",12.1,14.09,"red"
"Dolph",12.76,12.13,"blue"
"Emmalee",13.61,12.7,"green"
"Ashleigh",12.3,12.42,"orange"
"Bradly",12.58,11.84,"green"
"Marisol",13.3,14.23,"red"
"Collier",12.7,12.98,"red"
"Eustace",13.42,13.38,"blue"
"Kirstie",13.4,11.57,"yellow"
"Frederic",13.04,13.65,"yellow"
"Rafael",12.35,12.77,"green"
"Carol",13.34,13.6,"green"
"Bernie",13.21,13.71,"green"
"Orvel",14.11,12.18,"blue"
"Enoch",13.43,11.69,"red"
"Simeon",12.62,11.53,"yellow"
"Jorge",12.63,11.74,"green"
"Luka",13.85,12.56,"orange"
"Cherish",12.56,12.26,"orange"
"Deegan",12.5,14.5,"orange"
"Neva",12.26,11.63,"orange"
"Keila",13.11,14.42,"orange"
"Laverne",12.93,11.62,"orange"
"Durward",12.35,13.17,"orange"
"Gwyneth",13.01,14.17,"orange"
"Jennifer",12.95,14.24,"yellow"
"Michel",12.67,11.9,"blue"
"Mallory",13.36,12.38,"green"
"Hervey",13.46,14.15,"yellow"
"Albertha",13.63,14.38,"orange"
"Joleen",14.3,12.76,"yellow"
"Ennis",12.65,13.29,"yellow"
"Mabelle",12.67,12.62,"orange"
"Mickey",13.06,14.02,"blue"
"Fidel",13.53,14.17,"orange"
"Laura",13.38,11.84,"orange"
"Emiliano",12.82,13.79,"blue"
"Drucilla",13.17,11.56,"yellow"
"Danyell",13,12.59,"yellow"
"Chancy",13.2,13.4,"red"
"Hailey",12.61,13.73,"blue"
"Augustina",13.6,14.13,"yellow"
"Terese",12.62,11.78,"yellow"
"Sarina",13.09,13.83,"red"
"Rey",13.67,13.88,"yellow"
"Amirah",14.17,13.16,"red"
"Shasta",13.56,12.71,"yellow"
"Dyan",13.3,13.28,"red"
"Lucretia",12.53,13.47,"green"
"Annmarie",12.97,13.27,"blue"
"Elenora",13.05,12.89,"yellow"
"Dominik",12.96,13.35,"yellow"
"Wheeler",12.99,11.8,"blue"
"Magdalena",12.4,12.58,"green"
"Deborah",13.13,13.67,"red"
"Moody",12.36,13.03,"yellow"
"Cass",12.46,14.15,"blue"
"Devonte",13.63,14.01,"orange"
"Shantel",12.34,12.43,"green"
"Willow",13.47,11.93,"green"
"Mattye",13.13,12.17,"yellow"
"Aleen",13.08,12.71,"red"
"Jabari",11.99,13.52,"yellow"
"Dejon",12.91,12.99,"green"
"Randle",13.02,13.39,"green"
"Sloane",13.37,11.88,"yellow"
"Goebel",13.81,11.53,"blue"
"Mia",12.83,13.69,"blue"
"Ashley",12.32,13.6,"green"
"Madaline",12.9,12.83,"orange"
"Benjaman",13.05,13.45,"blue"
"Lidie",13.97,11.75,"yellow"
"Adelia",13.78,12.39,"green"
"Alonso",12.79,13.95,"yellow"
"Yosef",13.93,13.33,"blue"
"Cornell",13.81,11.6,"red"
"Bentley",13.18,13.66,"green"
"Brennon",13.07,13.92,"blue"
"Bridgette",12.59,12.91,"green"
"Birt",12.78,13.49,"yellow"
"Adelaide",12.59,12.64,"blue"
"Eldora",13.36,13.46,"orange"
"Janay",12.5,13.02,"green"
"Braydon",12.82,12.02,"orange"
"Hana",12.53,11.98,"yellow"
"Martha",13.3,14.27,"yellow"
"Sadye",13.13,11.56,"red"
"Baron",13.65,12.32,"red"
"Dirk",13.46,12.61,"orange"
"Ryleigh",13.29,11.92,"green"
"Rachelle",12.5,13.67,"green"
"Zora",13.19,13.18,"orange"
"Edla",13.52,12.71,"blue"
"Wilbur",12.16,14.32,"orange"
"Zula",12.93,11.97,"green"
"Pablo",12.15,13.52,"red"
"Mustafa",13.27,13.82,"yellow"
"Jewell",12.92,14.41,"red"
"Grisel",12.67,12.91,"green"
"Taliyah",13,13.67,"green"
"Taylor",13.54,14.11,"red"
"Tamiko",11.75,12.07,"red"
"Lorri",13.01,13.32,"orange"
"Vickey",12.95,11.8,"blue"
"Tammi",13.64,11.55,"yellow"
"Tyquan",11.73,13.1,"yellow"
"Salvador",13.36,11.73,"orange"
"Teri",12.32,13.47,"green"
"Darius",13.18,13.74,"blue"
"Darwyn",12.65,13.81,"red"
"Fumiko",12.63,12.47,"orange"
"Beckham",12.56,12.91,"green"
"Ardith",12.66,13.09,"green"
"Leona",13.07,14.3,"blue"
"Mima",12.84,13.9,"blue"
"Levon",12.95,13.55,"yellow"
"Phoenix",12.5,12.07,"green"
"Jenifer",12.5,12.48,"yellow"
"Regan",13.64,14.48,"red"
"Jonah",12.61,14.31,"blue"
"Rylie",13,11.61,"red"
"Margret",11.97,13.49,"yellow"
"Price",12.27,11.71,"red"
"Thomas",11.99,14.16,"orange"
"Gerrit",12.96,14.2,"orange"
"Doris",13.71,13.92,"orange"
"Humberto",12.65,11.8,"yellow"
"Erin",12.85,12.02,"green"
"Maxine",13.07,14.27,"yellow"
"Paola",13.07,11.96,"red"
"Theo",12.57,13.37,"yellow"
"Leonidas",12.29,12.55,"orange"
"Patrice",12.96,11.9,"green"
"Sherlyn",13.42,12.38,"green"
"Marland",13.92,12.57,"yellow"
"Celesta",13.3,11.66,"red"
"Butler",13.09,14.49,"yellow"
"Linnie",12.31,13.74,"yellow"
"Elayne",12.84,11.92,"yellow"
"Allene",12.04,12.6,"green"
"Neoma",12.84,12.31,"yellow"
"Lillie",12.71,13.86,"red"
"Vanesa",12.66,13.9,"blue"
"Ramona",13.59,12.88,"blue"
"Leah",12.89,13.28,"green"
"Geneva",12.78,12.51,"red"
"Media",14.21,13.08,"red"
"Miesha",12.52,14.14,"red"
"Shirleyann",13.66,14.19,"blue"
"Artis",12.21,13.36,"yellow"
"Heather",12.71,12.08,"red"
"Rustin",13.71,13.22,"yellow"
"Clotilde",13.09,11.78,"blue"
"Ivan",13.3,13.31,"red"
"Adrianne",13.2,12.47,"red"
"Jarad",12.99,13.78,"blue"
"Arman",12.62,12.12,"green"
"Carlton",13.5,12.04,"orange"
"Octavia",12.91,11.94,"green"
"Phillip",13.28,14.14,"green"
"Corean",12.97,14.01,"green"
"Rishi",12.95,11.69,"yellow"
"Stuart",12.78,11.59,"blue"
"Mckayla",13.06,14.01,"orange"
"Dominick",12,12.78,"blue"
"Dakoda",13.72,11.75,"blue"
"Shanelle",13.13,12.38,"red"
"Trish",13.86,12.39,"blue"
"Altha",13.21,13.05,"blue"
"Adrianna",12.93,11.96,"green"
"Madelene",13.08,12.9,"yellow"
"Bernice",13.86,12.98,"green"
"Vere",13.44,14.45,"orange"
"Estefania",13.29,12.76,"green"
"Duff",13.66,12.93,"red"
"Alecia",13.24,11.94,"yellow"
"Earnest",13.15,12.65,"blue"
"Junious",13.12,14.1,"orange"
"Shane",12.79,13.43,"red"
"Billy",13.16,12.42,"orange"
"Marylouise",13.04,14.35,"green"
"Cory",12.87,11.9,"orange"
"Nana",13.85,12.18,"blue"
"Dianne",12.34,13.5,"orange"
"Firman",12.35,12.92,"blue"
"Rollo",12.74,11.74,"blue"
"Gaye",13.11,12.9,"yellow"
"Laureen",12.81,13.76,"blue"
"Christian",14.56,11.58,"yellow"
"Dorsey",13.47,11.92,"blue"
"Rosy",13.02,14.08,"red"
"Kinsey",13.37,12.95,"green"
"Asher",13.08,13.57,"yellow"
"Herb",12.64,12.15,"yellow"
"Tara",13.38,13.25,"orange"
"Irvine",12.6,14.32,"red"
"Nathan",12.62,12.89,"yellow"
"Yoselin",13.19,12.87,"orange"
"Euna",13.06,14.47,"yellow"
"Clifton",12.82,14.05,"red"
"Kent",13.58,13.19,"green"
"Lamont",12.59,12.28,"green"
"Arla",13.02,14.12,"red"
"Stephan",12.73,13.62,"orange"
"Mariela",12.78,12.11,"blue"
"Jefferey",12.97,12.89,"blue"
"Casey",12.78,12.97,"blue"
"Tavon",12.76,12.46,"orange"
"Beverlee",13.73,13.71,"yellow"
"Elsa",13.03,13.92,"red"
"Clem",13.63,11.7,"yellow"
"Oley",13.5,13.94,"green"
"Carter",13.21,12.78,"red"
"Juluis",12.71,11.82,"red"
"Cordell",13,11.86,"yellow"
"Alfonzo",12.89,12.21,"yellow"
"Burleigh",12.72,12.18,"orange"
"Emanuel",12.96,13.04,"red"
"Autry",12.83,13.2,"red"
"Shreya",13.84,13.18,"green"
"Margeret",13.17,13,"yellow"
"Millie",13.51,12.17,"orange"
"Auguste",12.68,13.62,"orange"
"Belton",12.65,11.75,"blue"
"Kathern",12.59,11.95,"orange"
"Cecily",14.26,12.19,"yellow"
"Coleman",12.53,11.94,"green"
"Loria",12.69,14.42,"red"
"Kassidy",12.77,13.79,"green"
"Abe",13.12,11.78,"yellow"
"Jessy",13.9,12.34,"orange"
"Kyler",13.07,12.84,"orange"
"Dakota",12.5,13.68,"orange"
"Farrah",12.35,12.7,"blue"
"Gaines",13.27,14.11,"yellow"
"Loraine",14.16,13.29,"red"
"Coleen",13.16,12.74,"red"
"Bird",12.39,11.83,"yellow"
"Anabella",13.32,13.08,"green"
"Darleen",12.39,13.56,"blue"
"Somer",12.33,12.39,"blue"
"Reinhold",12.93,14.4,"green"
"Shirlee",13.8,12.31,"green"
"Lorine",12.52,12.83,"blue"
"Etta",13.19,12.09,"orange"
"Dotty",13.06,14.14,"red"
"Tamika",12.92,11.66,"blue"
"Finn",13.14,11.91,"orange"
"Olie",13.83,12.59,"yellow"
"Lynette",12.4,13.34,"yellow"
"Tatsuo",13.11,13.02,"blue"
"Winnifred",11.83,12.99,"red"
"Alanna",12.8,12.75,"red"
"Otis",13.8,14.39,"red"
"Aleck",13.83,12.61,"orange"
"Bob",13.02,12.31,"red"
"Alia",13.11,13,"green"
"Desiree",12.98,12.95,"orange"
"Tarsha",12.6,13.6,"red"
"Genevra",12.58,11.59,"blue"
"Ninnie",13.44,12.66,"blue"
"Carmelita",12.91,12.15,"green"
"Harvie",11.75,14.22,"blue"
"Harriette",13.59,13.54,"red"
"Britta",12.02,12.17,"yellow"
"Burnice",13.59,13.5,"red"
"Karim",12.71,12.83,"yellow"
"Tatum",11.91,12.59,"blue"
"Kane",13.42,11.54,"orange"
"Gifford",12.59,12.2,"blue"
"Briley",13.05,12.07,"green"
"Auther",13.24,14.17,"red"
"Meaghan",13.56,13.19,"orange"
"Keanu",13.05,14.02,"orange"
"Lashunda",12.42,11.72,"orange"
"Bula",12.53,12.88,"yellow"
"Theola",13.14,12.27,"blue"
"Kathrine",12.59,12.76,"yellow"
"Carie",12.66,12.48,"orange"
"Calla",12.8,13.79,"yellow"
"Patsy",12.47,12.4,"orange"
"Hanson",12.74,12.46,"blue"
"Brittnie",12.84,13.15,"red"
"Demario",12.92,13.62,"orange"
"Hyman",12.24,12.31,"yellow"
"Gustav",13.83,12.16,"orange"
"Tarah",13.1,14.22,"blue"
"Chester",12.98,13.25,"red"
"Lea",12.95,13.3,"orange"
"Idamae",12.99,11.83,"blue"
"Ozie",13.77,13.24,"red"
"Larissa",12.3,12.41,"yellow"
"Harmon",12.61,13.15,"orange"
"Arden",11.72,12.57,"orange"
"Barnard",12.64,13.24,"orange"
"Magdalen",13.25,13.86,"green"
"Jerrold",13.45,11.59,"red"
"Blair",13.03,12.14,"yellow"
"Ginger",12.82,13.93,"yellow"
"Hilmer",13.27,13.05,"red"
"Lavonda",12.67,12.67,"blue"
"Rettie",13.22,12.33,"red"
"Amalia",13.37,13.67,"blue"
"Theda",13.52,12.46,"green"
"Bobbie",13.28,12.17,"blue"
"Jazlene",13.14,11.6,"blue"
"Lafe",13.19,11.7,"blue"
"Azzie",13.1,11.55,"blue"
"Nona",13.49,13.39,"orange"
"Fritz",12.76,14.33,"blue"
"Geri",12.82,13.45,"green"
"Dion",12.77,12.47,"green"
"Abbigail",13.03,13.6,"blue"
"Garrett",13.2,14.41,"green"
"Myrle",12.1,11.77,"green"
"Jackie",12.99,13.56,"green"
"Russell",12.85,12.7,"green"
"Illa",13.58,12.69,"yellow"
"Therese",13.32,12.88,"green"
"Bert",13.57,13.37,"yellow"
"Berneice",13.38,13.4,"orange"
"Dakotah",12.54,13.94,"orange"
"Martez",13.24,14.48,"green"
"Tashina",13.28,12.44,"blue"
"Peggie",12.97,14.48,"yellow"
"Herbert",11.78,11.99,"orange"
"Nadia",13.05,12.02,"blue"
"Sina",14.11,14.37,"blue"
"Mariyah",13.14,12.36,"yellow"
"Hal",13.04,12.6,"blue"
"Gregorio",13.07,11.91,"yellow"
"Nelson",13.6,12.93,"orange"
"Wells",13.87,13.92,"yellow"
"Caryn",13.21,11.95,"green"
"Annamarie",13.58,14.38,"green"
"Cleo",13.83,14.21,"orange"
"Cherie",12.9,13.15,"yellow"
"Maximilian",13.09,11.55,"red"
"Lana",12.68,12.67,"green"
"Less",13.23,12.74,"green"
"Cedrick",11.89,12.75,"blue"
"Ovid",13.65,11.79,"red"
"Lucille",12.6,13.33,"red"
"Kianna",12.15,12.45,"blue"
"Elsie",11.54,11.81,"green"
"Helene",12.18,14.39,"orange"
"Ephriam",12.97,12.91,"blue"
"Zackary",12.2,13.71,"red"
"Rosanne",12.52,12.39,"red"
"Gayla",13.61,11.98,"red"
"Clella",13.34,14.25,"green"
"Amarion",12.96,14.07,"orange"
"Patrica",13.11,13.4,"green"
"Coralie",12.6,13.12,"green"
"Milly",12.94,12.92,"orange"
"Werner",13.4,13.86,"green"
"Kurt",12.93,12.75,"yellow"
"Linton",13.12,13.83,"blue"
"Sergio",12.44,14.22,"red"
"Elsworth",12.26,14.2,"red"
"Jonatan",13.78,14.22,"red"
"Worth",13.16,12.16,"red"
"Unknown",13.03,13.86,"red"
"Shawnda",14.12,11.72,"yellow"
"Delpha",12.74,13.23,"green"
"Braden",12.76,14.04,"yellow"
"Giana",13.05,12.54,"red"
"Arline",12.32,13.02,"blue"
"Delina",11.93,14.21,"yellow"
"Elliott",12.36,11.88,"blue"
"Dwyane",12.33,11.98,"red"
"Galen",12.79,14.16,"orange"
"Evertt",13.88,11.68,"green"
"Yahaira",13.55,13.47,"blue"
"Arther",12.9,13.9,"green"
"Mavis",13.15,14.33,"orange"
"Hettie",13.68,13.44,"blue"
"Jim",12.73,12.26,"yellow"
"Micky",13.73,12.86,"red"
"Earlean",12.54,14.19,"blue"
"Lenon",12.46,13.37,"blue"
"Douglas",12.79,14.15,"orange"
"Jaron",13.08,13.38,"red"
"Jossie",12.57,14.22,"orange"
"Nicholaus",13.29,13.91,"yellow"
"Burke",13.17,13.5,"orange"
"Martell",13.03,13.49,"blue"
"Rupert",13.1,12.26,"green"
"Ivonne",13.3,11.84,"red"
"Sharla",12.57,12.04,"blue"
"Lettie",12.92,11.77,"yellow"
"Mauro",12.43,12.65,"blue"
"Claudine",12.54,12.62,"orange"
"Victoriano",13.34,14.38,"green"
"Harper",12.43,13.41,"red"
"Hazel",14.06,11.59,"yellow"
"Amani",13.25,13.76,"red"
"Hoover",13.43,14.28,"green"
"Brannon",12.77,12.02,"blue"
"Yadiel",12.82,13,"orange"
"Clell",12.47,12.55,"orange"
"Keena",12.53,13.99,"orange"
"Tristan",13.06,13.87,"orange"
"Meadow",13.68,12.67,"yellow"
"Kalyn",13.49,14.21,"orange"
"Maiya",12.78,12.25,"green"
"Breanne",13.15,11.96,"yellow"
"Alyce",12.42,13.1,"blue"
"Emelia",13.1,12.44,"orange"
"Vivienne",13.35,13.42,"orange"
"Jaylen",12.72,12.64,"yellow"
"Marsh",13.67,13.01,"green"
"Jaren",13.05,13.82,"yellow"
"Miranda",12.89,14.46,"orange"
"Delvin",13.34,13.91,"blue"
"Gust",13.1,11.84,"green"
"Blake",13.19,14.4,"red"
"Harland",12.57,12.68,"green"
"Velva",12.7,12.29,"blue"
"Tabitha",13.39,11.8,"red"
"Kyle",12.7,12.95,"orange"
"Bridgett",12.34,12.47,"blue"
"Gertie",12.77,11.78,"yellow"
"Jasmyn",13.93,13.52,"red"
"Freeda",13.08,12.94,"red"
"Jaelyn",12.07,12.1,"red"
"Verda",13.36,12.89,"orange"
"Eula",13.03,12.47,"yellow"
"Jessi",13.09,13.17,"blue"
"Ishmael",13.56,12.45,"orange"
"Adin",13.22,12.61,"blue"
"Liane",13.66,11.6,"blue"
"Zola",12.2,13.73,"green"
"Shyheim",12.05,12.81,"green"
"Sebrina",13.09,12.24,"blue"
"Caleigh",12.69,12.1,"blue"
"Vanessa",13.38,12.61,"blue"
"Kanisha",12.2,12.31,"yellow"
"Baylee",13.04,11.97,"orange"
"Renaldo",12.62,11.91,"red"
"Crissy",12.63,14.29,"blue"
"Dane",13.54,14.21,"green"
"Elmore",13.86,11.7,"green"
"Tayshaun",13.53,13,"yellow"
"Erland",13.29,12.95,"green"
"Esther",13.18,13.47,"blue"
"Loy",13.48,11.83,"red"
"Ursula",12,13.81,"blue"
"Derek",13.18,14.41,"green"
"Zilpha",12.72,12.6,"blue"
"Diya",13.43,12.29,"yellow"
"Jaxson",13.19,12.67,"yellow"
"Leonie",12.89,12.64,"orange"
"Blanchard",13.41,13.31,"blue"
"Bradford",14.02,13.82,"red"
"Keeley",13.3,14.17,"red"
"Mikayla",12.78,13.71,"yellow"
"Smith",13.33,12.61,"green"
"Lawrence",12.86,11.58,"orange"
"Beulah",13,14.37,"blue"
"Ishaan",13.12,12.01,"green"
"Maria",13.72,14.44,"blue"
"Miriah",13.06,12.33,"blue"
"Minta",12.59,12.41,"blue"
"Benny",13.53,12.14,"orange"
"Electa",12.74,14.13,"green"
"Karlee",12.51,12.47,"red"
"Rogelio",12.86,11.64,"blue"
"Wiley",12.93,12.25,"yellow"
"Jacquelin",12.65,13.43,"red"
"Monna",13.16,11.57,"blue"
"Cari",12.9,12.07,"blue"
"Bena",13.02,12.28,"blue"
"Scarlett",13.1,12.8,"blue"
"Chelsey",13.13,14.23,"orange"
"Niki",14.18,14.35,"green"
"Ashli",13.55,11.68,"red"
"Salina",12.73,12.22,"yellow"
"Art",12.68,13.31,"green"
"Billye",12.39,13.03,"blue"
"Shaquita",13.32,13.75,"red"
"Dortha",12.67,13.91,"red"
"Maryjo",11.77,12.31,"green"
"Rueben",13.24,11.58,"orange"
"Celena",13.58,11.86,"blue"
"Kathlene",12.89,14.14,"red"
"Elissa",12.84,12.34,"red"
"Kris",13.14,12.74,"red"
"Dozier",13.2,12.13,"yellow"
"Vernetta",13.84,12.59,"yellow"
"Blanchie",12.36,14.1,"green"
"Norah",13.55,13.62,"red"
"Bryton",13.14,14,"blue"
"Saul",13.17,13.29,"yellow"
"Classie",13.09,12.22,"green"
"Ruie",13.1,13.54,"red"
"Hiram",13.22,12.45,"blue"
"Aloysius",12.91,12.91,"blue"
"Memphis",13.68,11.88,"green"
"Docia",13.49,11.56,"orange"
"Kenneth",12.99,11.79,"green"
"Oakley",12.72,11.95,"yellow"
"Eliza",12.63,14.45,"orange"
"Olof",12.63,14.42,"red"
"Ellyn",12.78,12.27,"red"
"Fayette",13.92,13.48,"orange"
"Ruffin",13.23,13.79,"green"
"Ammon",12.26,13.45,"green"
"Margene",12.95,12.8,"blue"
"Lincoln",13.39,12.51,"orange"
"Demetrios",13.36,14.05,"yellow"
"Kya",13.37,14.46,"orange"
"Lashanda",12.16,12.38,"blue"
"Fae",13.91,12.34,"yellow"
"Christin",12.81,11.55,"green"
"Bettina",13.34,12.26,"orange"
"Cherri",13.15,11.78,"red"
"Xander",12.33,13.6,"orange"
"Nataly",12.68,11.92,"yellow"
"Nelly",13.15,13.63,"red"
"William",12.74,11.69,"orange"
"Ed",13.23,12.57,"orange"
"Randolph",13.92,13.21,"blue"
"Fidelia",13.05,14,"orange"
"Matt",12.72,12.97,"orange"
"Fitzhugh",13.18,13.48,"yellow"
"Kordell",12.6,13.93,"green"
"Chelsie",12.13,13.14,"orange"
"Antoinette",12.62,11.55,"green"
"Alana",13.43,13.51,"orange"
"Thurman",13.31,12.94,"orange"
"Raegan",13.32,14.34,"blue"
"Gunnar",12.76,13.67,"blue"
"Orma",13.18,13.6,"red"
"Clarine",12.43,12.65,"green"
"Love",13.77,12.09,"yellow"
"Dessa",12.39,13.2,"green"
"Primus",13.09,12.53,"green"
"Ford",12.77,13.55,"green"
"Rowan",12.96,12.06,"blue"
"Mayme",13.38,11.52,"orange"
"Aracely",12.93,14.01,"yellow"
"Annamae",12.51,13.51,"blue"
"Genoveva",12.74,11.73,"green"
"Yvonne",13.07,13.36,"blue"
"Serenity",13.26,12.22,"green"
"Tony",12.43,14.02,"blue"
"Hurley",13.08,14.43,"blue"
"Kimber",12.49,12.49,"yellow"
"Dustan",13.3,14.28,"green"
"Rance",13.16,13.34,"yellow"
"Dick",12.93,11.56,"green"
"Cherry",13.33,13.36,"orange"
"Braulio",13.1,11.62,"green"
"Tanesha",13.37,13.8,"red"
"Talan",13.07,13.64,"blue"
"Alease",13.74,14.07,"blue"
"Tatianna",13.54,13.14,"red"
"Christa",13.38,11.88,"blue"
"Fernanda",12.32,13.38,"orange"
"Jerrad",12.54,11.64,"orange"
"Magdalene",12.26,13.18,"blue"
"Ervin",12.66,13.76,"red"
"Chana",13.33,13.47,"green"
"Clevie",13.07,13.02,"blue"
"Luetta",12.72,12.74,"blue"
"Kennith",12.54,14.5,"green"
"Tyrik",13.99,14.39,"blue"
"Savanna",13.12,11.59,"yellow"
"Davion",13.04,13.82,"blue"
"Roxann",12.6,13.45,"red"
"Griffith",12.9,13.09,"orange"
"Leroy",13.48,12.73,"yellow"
"Jocelyn",13.25,12.52,"green"
"Aiyana",13.36,11.79,"blue"
"Delma",12,12.59,"orange"
"Tod",12.28,14.21,"red"
"Jaret",13.05,13.74,"yellow"
"Oral",13.71,11.65,"yellow"
"Gay",12.36,13.5,"orange"
"Carroll",12.63,12.16,"red"
"Orlando",13.2,14,"yellow"
"Jerrica",13.16,14.18,"green"
"Ronda",12.9,13.53,"yellow"
"Christop",12.79,12.17,"yellow"
"Joey",13.08,13.37,"red"
"Stefani",12.82,13.78,"green"
"Ty",13.34,13.89,"green"
"Ceil",12.75,13.42,"green"
"Leonardo",14.02,11.88,"orange"
"Charleen",13.56,13.96,"red"
"Ermine",13.39,13.37,"orange"
"Kati",13.6,11.73,"green"
"Texie",13.24,13.21,"yellow"
"Lauren",13.58,11.8,"red"
"Andre",14.12,13.01,"yellow"
"Pennie",12.59,11.68,"yellow"
"Lacey",12.65,12.29,"yellow"
"Hudson",13.21,12.7,"red"
"Latonya",12.64,12.16,"green"
"Casimer",13.18,13.3,"red"
"Karley",12.16,13.28,"yellow"
"Pamela",13.12,11.78,"red"
"Wesley",13.32,14.34,"blue"
"Yasmeen",13.09,13.65,"orange"
"Lizzie",12.59,12.03,"red"
"Magnolia",12.49,12.71,"yellow"
"Mylie",12.65,11.93,"orange"
"Cash",13.34,13.21,"red"
"Asia",12.63,12.01,"green"
"Stevie",12.97,12.41,"yellow"
"Judah",12.86,13.38,"blue"
"Betsey",12.57,11.6,"green"
"Cristen",13.07,13.66,"orange"
"Rubi",12.83,12.07,"green"
"Emmer",12.82,13.29,"green"
"Felicitas",11.99,14.3,"red"
"Rilla",12.98,14.19,"orange"
"Ethen",13.12,12.16,"orange"
"Danette",13.77,13.32,"green"
"Denzel",13.41,14.19,"yellow"
"Archer",12.05,14.1,"green"
"Alek",13.1,14.03,"green"
"Deshawn",12.6,12.37,"yellow"
"Beryl",12.45,13.39,"blue"
"Rudolf",12.77,12.01,"yellow"
"Sampson",12.4,11.89,"red"
"Liberty",12.5,13.81,"yellow"
"Mai",13.38,12.7,"blue"
"Ayla",13.83,13.6,"red"
"Easton",12.64,11.73,"red"
"Vida",13.31,13.03,"yellow"
"Izayah",12.64,12.38,"orange"
"Tim",13.05,14.18,"yellow"
"Mendy",12.89,13.71,"blue"
"Jerrilyn",13.22,14.16,"yellow"
"Zada",13.6,12.06,"red"
"Amaris",12.77,13.63,"red"
"Antionette",13.09,12.39,"orange"
"Isadore",11.76,12.89,"orange"
"Hester",12.87,11.85,"blue"
"Tessa",13.55,14,"orange"
"Elzada",13.99,13.13,"orange"
"Jere",13.16,12.03,"orange"
"Janette",13.19,11.62,"orange"
"Deryl",13.57,14.46,"green"
"Dosia",12.24,13.12,"blue"
"Germaine",12.71,11.73,"yellow"
"Norman",13.48,13.24,"red"
"Shyla",12.98,13.43,"green"
"Cade",12.99,12.43,"red"
"Kylan",12.83,14.45,"green"
"Dariana",12.83,14.38,"green"
"Trumaine",13.55,13,"orange"
"Dyllan",12.29,12.45,"green"
"Alison",12.7,13.98,"orange"
"Irving",13.56,13.57,"green"
"Lelia",13.22,13.2,"red"
"Wilfrid",13.3,11.52,"green"
"Elonzo",13.19,12.2,"yellow"
"Jann",12.29,12.23,"blue"
"Taniya",12.48,11.52,"green"
"Perry",12.76,13.58,"blue"
"Lessie",13.03,13.11,"red"
"Caitlyn",13.14,12.61,"orange"
"Pheobe",13.35,14.11,"blue"
"Tatyanna",12.58,14.15,"yellow"
"Latifah",13.58,12.1,"green"
"Shelia",13.59,12.73,"yellow"
"Rocky",13.6,13.6,"red"
"Marolyn",12.67,12.21,"yellow"
"Lahoma",13.45,13.62,"green"
"Pernell",13.54,13.57,"red"
"Abel",13.22,12.88,"blue"
"Mack",12.26,14.5,"orange"
"Delilah",12.81,13.12,"orange"
"Alicia",12.07,14.14,"blue"
"Pleasant",12.54,14.32,"blue"
"Gerardo",12.36,11.73,"orange"
"Len",13.35,14.13,"orange"
"Regena",13,13.11,"yellow"
"Rashawn",12.61,11.92,"yellow"
"Coolidge",13.43,13.46,"blue"
"Trenten",13.55,11.79,"red"
"Linn",13.13,13.82,"orange"
"Ian",12.06,11.58,"blue"
"Signa",12.76,13.9,"yellow"
"Arland",13.34,14,"green"
"Maximo",13.2,11.99,"red"
"Lonzo",14.17,11.7,"yellow"
"Jeryl",12.8,11.92,"blue"
"Hilma",13.14,11.87,"orange"
"Gustie",11.96,11.51,"red"
"Kasen",12.71,13.96,"blue"
"Felisha",12.49,12.22,"red"
"Essence",13.17,12.24,"yellow"
"Elianna",13.23,13.7,"red"
"Myrtie",12.6,13.5,"yellow"
"Parthenia",12.9,13.38,"green"
"May",12.98,12.92,"orange"
"Hector",12.31,13.6,"red"
"Evia",13.17,13.05,"orange"
"Kamari",13.74,12.34,"yellow"
"Macy",12.35,13.7,"green"
"Teela",12.82,13.6,"green"
"Siena",12.92,11.88,"red"
"Malia",13.91,13.09,"orange"
"Cordia",13.14,12.23,"orange"
"Allan",13.21,11.69,"orange"
"Buelah",12.58,12.22,"red"
"Alcee",12.94,14.26,"blue"
"Luster",13.37,12.57,"green"
"Toy",12.89,13.23,"yellow"
"Lota",13.4,13.96,"green"
"Ephram",13.11,13.34,"yellow"
"Darrick",12.35,12.01,"orange"
"Hassan",13.53,12.53,"red"
"Haley",13.38,14.38,"green"
"Johny",12.87,13.28,"red"
"Luvenia",12.19,12.85,"orange"
"Lenora",11.97,12.03,"orange"
"Machelle",13.16,13.14,"blue"
"Green",13.23,14.03,"yellow"
"Icey",13.51,14.2,"yellow"
"Triston",13.67,13.03,"orange"
"Lani",13.23,12.26,"red"
"Obe",12.7,12.31,"orange"
"Alvie",12.86,12.45,"green"
"Thomasina",13.26,13.25,"red"
"Gray",13.11,13.64,"yellow"
"Clare",13.14,11.99,"red"
"Hobart",13.03,14.05,"red"
"Hattie",13.13,13.25,"red"
"Donnie",13.17,13.34,"yellow"
"Sheldon",12.18,13.75,"orange"
"Cam",12.85,13.01,"yellow"
"Agatha",13.4,12.38,"orange"
"Lynnette",13.78,11.93,"blue"
"Alvah",13.71,14.24,"yellow"
"Suzie",12.9,12.48,"yellow"
"Linna",12.54,13.65,"blue"
"Dorinda",13.52,11.87,"green"
"Jose",13.53,13.64,"green"
"Jerel",13.3,11.53,"green"
"Kash",12.5,14.34,"red"
"Josephine",13.43,11.59,"red"
"Tracey",12.56,13.24,"blue"
"Josette",12.81,13.98,"red"
"Angelia",13.68,13.27,"yellow"
"Lovisa",12.96,14.08,"green"
"Major",12.41,12.53,"red"
"Manning",13.7,13.6,"orange"
"Golden",13.7,11.86,"green"
"Cristobal",13.39,14.17,"orange"
"Adriane",13.51,13.99,"blue"
"Kimberlie",13.07,12.3,"red"
"Cinda",13.28,12.09,"green"
"Marina",14.09,13.97,"orange"
"Terrell",12.86,11.51,"orange"
"Dawne",12.97,11.71,"yellow"
"Miller",13.12,13.65,"green"
"Wes",13.9,12.71,"green"
"Lauri",12.51,14.23,"red"
"Ace",12.16,11.77,"blue"
"Abram",13.03,13.59,"orange"
"Emilie",13.29,13.6,"red"
"Irma",12.29,13.77,"green"
"Curley",13.22,12.61,"yellow"
"Fleming",13.14,12.55,"blue"
"Rayshawn",12.21,12.3,"yellow"
"Dorman",12.18,13.63,"red"
"Camille",12.03,11.97,"red"
"Jazmine",13.75,12.55,"green"
"Edson",13.05,11.66,"red"
"Davie",13.27,13.66,"yellow"
"Hartley",11.81,13.8,"orange"
"Stasia",13.2,11.56,"green"
"Amado",13.47,14.09,"blue"
"Nolia",13.57,12.19,"blue"
"Phoebe",13.21,14.35,"red"
"Elian",13.02,12.62,"green"
"Concha",13.48,11.62,"red"
"Luann",13.26,11.51,"blue"
"Ezzard",12.79,14.06,"yellow"
"Mario",13.58,13.99,"blue"
"Verlyn",13.06,11.61,"orange"
"Elenor",13.27,13.91,"green"
"Arnetta",12.48,13.49,"orange"
"Steward",12.5,14.11,"blue"
"Retta",13.49,13.3,"yellow"
"Theta",13.19,13.44,"red"
"Silas",12.59,14.41,"yellow"
"Maleah",12.81,13.71,"orange"
"Jaylee",12.64,12.12,"blue"
"Yulissa",13.31,12.81,"blue"
"Lyndsey",12.37,13.86,"blue"
"Kolten",13.11,13.39,"blue"
"Annalise",12.51,11.95,"yellow"
"Tamica",13.4,11.75,"blue"
"Demetric",12.69,13.52,"orange"
"Chanda",13.35,14.23,"orange"
"Drusilla",13.53,12.64,"yellow"
"Dillion",12.87,14.17,"orange"
"Chanel",12.91,13.61,"red"
"Reggie",13.04,13.03,"orange"
"Jace",13.24,14.17,"orange"
"Estell",13.7,13.66,"blue"
"Debora",12.51,11.79,"orange"
"Sky",12.94,14.16,"blue"
"Dulce",12.75,11.89,"blue"
"Ovila",12.9,12.58,"yellow"
"Rodney",13.02,12.54,"orange"
"Dandre",13.05,11.93,"blue"
"Trista",13.91,13.31,"yellow"
"Kathaleen",12.47,13.53,"orange"
"Debby",12.09,13.73,"orange"
"Jessee",13.81,11.92,"green"
"Cilla",12.85,11.81,"blue"
"Soloman",13.35,13.32,"yellow"
"Hilary",12.78,13.66,"yellow"
"Keyshawn",12.77,14.38,"orange"
"Kurtis",13.54,13.5,"orange"
"Sherwood",12.67,12.19,"green"
"Thresa",12.88,12.61,"orange"
"Flossie",12.91,14.29,"blue"
"Melissa",13.31,13.78,"green"
"Rosalie",12.92,12.11,"red"
"Zoey",12.52,12.94,"red"
"Horacio",12.98,13.59,"red"
"Barnie",12.08,12.4,"red"
"Virgie",13.05,13.35,"blue"
"Todd",12.21,14.33,"green"
"Jeptha",13.25,12.29,"yellow"
"Clair",12.85,12.56,"blue"
"Cheryle",13.27,12.78,"green"
"Jeannie",14.31,12.67,"orange"
"Isla",12.45,14.27,"orange"
"Regenia",13.16,12.64,"orange"
"Jared",13.48,13.69,"blue"
"Adolph",13.63,12.47,"yellow"
"Megan",13.43,14.07,"yellow"
"Sunday",13.36,12.37,"green"
"Malvina",13.46,12.85,"orange"
"Fate",12.82,13.74,"yellow"
"Melton",12.2,12.83,"orange"
"Killian",13.8,13.2,"yellow"
"Antonette",13.24,13.04,"blue"
"Nils",13.27,14.24,"yellow"
"Eunice",11.75,12.53,"red"
"Tisha",13.38,13.37,"blue"
"Josefa",13.82,12.96,"red"
"Khloe",13.54,11.84,"red"
"Soren",13.99,11.92,"yellow"
"Desmond",13.01,11.54,"red"
"Charla",12.8,13.27,"green"
"Tangela",13.96,14.35,"blue"
"Crystal",12.67,14.16,"red"
"Rhys",13.07,12.55,"orange"
"Prudence",12.23,13.14,"yellow"
"Dorthey",12.59,14.22,"orange"
"China",12.51,13.53,"red"
"Lorelai",13.09,12.69,"green"
"Jasmyne",12.25,12.44,"orange"
"Jameel",12.41,12.6,"yellow"
"Hughie",13.02,14.23,"blue"
"Ivey",12.38,11.9,"red"
"Mark",13.22,12.17,"red"
"Kerri",13.42,14.13,"red"
"Doreen",13.17,11.54,"orange"
"Berton",14.24,11.8,"red"
"Burney",13.52,12.31,"yellow"
"Zeb",13.52,13.34,"yellow"
"Doretha",12.39,13.82,"orange"
"Leonia",12.27,13.85,"green"
"Aaliyah",12.68,13.82,"green"
"Vashon",12.07,12.83,"orange"
"Burgess",12.7,14.48,"orange"
"Lovett",12.8,12.52,"red"
"Kody",12.88,14.07,"yellow"
"Beda",12.51,13.98,"blue"
"Maura",13.49,11.89,"blue"
"Lilah",12.51,12.21,"yellow"
"Caswell",13.4,13.73,"blue"
"Zachariah",13.46,13.66,"blue"
"Boss",13.1,11.57,"red"
"Lee",13.51,12.01,"blue"
"Debbra",13.09,12.23,"yellow"
"Leeroy",13.19,12.84,"green"
"Mallorie",12.78,12.51,"yellow"
"Wayne",13.49,13.61,"yellow"
"Edgar",12.68,12.33,"green"
"Benton",12.41,13.99,"blue"
"Quint",12.86,14.44,"orange"
"Lola",12.45,13.54,"blue"
"Candace",12.76,13.8,"yellow"
"Sanjuanita",13.15,11.84,"red"
"Ora",12.32,12.27,"green"
"Ricardo",12.03,12.61,"orange"
"Vallie",12.43,14.17,"yellow"
"Salome",12.73,14.04,"blue"
"Gaylen",13.07,11.99,"yellow"
"Lisha",13.1,13.76,"orange"
"Chandra",12.13,12.56,"blue"
"Tavares",13.09,14.42,"orange"
"Berlin",13.29,13.56,"blue"
"Selina",13.43,13.1,"red"
"Sandie",12.77,11.74,"green"
"Elouise",13.4,13.72,"orange"
"Paula",13.18,12.77,"orange"
"Tyreese",12.37,12.34,"yellow"
"Daren",13.43,13.6,"yellow"
"Graves",14.52,12.76,"yellow"
"Amare",13.62,14.06,"yellow"
"Zollie",13.66,13.83,"yellow"
"Greg",12.7,13.3,"orange"
"Rosita",12.76,11.98,"blue"
"Kayleigh",12.61,13.42,"red"
"Eathel",13.05,13.81,"green"
"Adison",12.9,13.29,"orange"
"Karri",12.15,14.35,"blue"
"Kasey",13.32,12.06,"yellow"
"Corine",12.13,13.08,"yellow"
"Marcel",12.79,12.69,"blue"
"Frankie",13.98,12.65,"yellow"
"Mary",12.65,12.08,"orange"
"Iris",12.87,12.09,"blue"
"Kaleb",12.82,14.27,"red"
"Hobson",12.96,11.94,"red"
"Harlow",13.57,12.13,"blue"
"Albina",12.47,12.26,"blue"
"Danika",14.05,12.85,"orange"
"Roswell",13.26,12.75,"orange"
"Dalia",12.74,14.37,"blue"
"Doss",12.44,14.01,"green"
"Lott",13.48,13.69,"orange"
"January",13.81,11.88,"blue"
"Reina",13.03,13.68,"yellow"
"Altie",12.88,13.81,"blue"
"Lura",12.73,11.82,"orange"
"Louie",11.22,14.13,"yellow"
"Vinton",13.06,12.72,"blue"
"Iola",13.11,13.01,"orange"
"Khalid",12.81,13.61,"yellow"
"Alonza",12.96,12.1,"blue"
"Georgiana",12.93,11.94,"orange"
"Joanna",12.94,12.3,"green"
"Ray",12.22,14.06,"yellow"
"Derick",13.02,12.33,"orange"
"Neola",13.14,11.81,"yellow"
"Angele",13.28,14.43,"blue"
"Riley",12.36,12.77,"blue"
"Sharonda",13.56,12.75,"yellow"
"Lisle",12.72,12.5,"blue"
"Roderick",14.03,14.44,"green"
"Rikki",12.88,13.91,"green"
"Angelica",12.21,13.5,"blue"
"Sula",12.4,11.9,"orange"
"Affie",13.54,13.47,"yellow"
"Marisa",12.8,12.59,"green"
"Edw",14.1,13.56,"orange"
"Turner",13.32,11.8,"orange"
"Romie",13.28,13.25,"yellow"
"Malik",13.12,12.72,"blue"
"Noma",12.68,12.14,"yellow"
"Tianna",12.27,13.78,"yellow"
"Lauryn",12.61,13.03,"yellow"
"Nicky",13.24,12.29,"red"
"Errol",13.01,14.43,"red"
"Kaylah",13.44,12.32,"yellow"
"Natasha",11.82,13.51,"red"
"Albion",12.54,13.57,"green"
"Jeanne",13.45,11.63,"yellow"
"Tiesha",12.97,12.85,"orange"
"Shaunna",12.9,12.54,"green"
"Darvin",13.12,13.66,"orange"
"Angelina",12.83,14.19,"red"
"Vickie",13.27,14.25,"red"
"Vernell",12.86,13.72,"yellow"
"Michial",13.01,11.61,"orange"
"Sandi",13.22,12.22,"orange"
"Corinna",12.94,13.85,"orange"
"Mike",13.54,13.48,"green"
"Harding",12.84,14.33,"orange"
"Mari",12.38,13.86,"blue"
"Alysia",13.29,14.09,"green"
"Lafayette",12.5,11.51,"red"
"Lyn",13.02,13.35,"blue"
"Edsel",12.73,12.83,"blue"
"Milagros",12.36,11.8,"blue"
"Casandra",13.31,13.78,"orange"
"Frederick",12.63,11.9,"red"
"Chalmer",13.76,11.64,"blue"
"Commodore",12.64,13.5,"blue"
"Sanjuana",12.77,13.23,"red"
"Kip",13.01,11.67,"red"
"Alvin",13.67,13.77,"blue"
"Damian",13,14.18,"blue"
"Ally",13.43,11.97,"orange"
"Chrissie",13.14,11.88,"blue"
"Clark",12.43,12.37,"yellow"
"Encarnacion",12.95,13.42,"green"
"Pearla",12.48,13.02,"green"
"Elinor",13.32,12.88,"orange"
"Parrish",12.87,13.41,"yellow"
"Zayne",13.02,11.71,"green"
"Presley",13.39,14,"blue"
"Arnoldo",12.18,11.73,"green"
"Douglass",12.22,13.32,"green"
"Talmadge",12.71,11.59,"green"
"Coral",12.98,14.09,"red"
"Demetra",13.15,11.95,"green"
"Jerrel",12.19,13.38,"orange"
"Clara",13.22,14.4,"green"
"Twila",12.93,13.47,"red"
"Corie",12.92,13.81,"red"
"Merwin",12.81,12.39,"red"
"Onie",12.32,14.3,"orange"
"Minoru",13.54,12.14,"orange"
"Xzavier",13.03,12.83,"yellow"
"Makaila",13.84,11.77,"yellow"
"Tyree",12.47,12.67,"green"
"Gussie",13.82,11.9,"red"
"Lottie",12.99,13.24,"green"
"Tabetha",13.27,12.07,"red"
"Sibbie",12.81,12.37,"green"
"Tishie",13.43,14.25,"blue"
"Alysa",13.54,11.55,"green"
"Edwin",13.02,14.39,"red"
"Isabela",12.45,12.39,"blue"
"Elva",12.36,13.3,"yellow"
"Krystal",13.12,14.02,"green"
"Tori",12.83,12.04,"green"
"Aylin",13.03,13.21,"red"
"Kiyoko",12.65,13.1,"blue"
"Shaniece",13.64,11.99,"red"
"Katia",12.7,12.58,"blue"
"Elaina",13.3,12.39,"blue"
"Halsey",13.68,13.92,"orange"
"Del",13.28,12.45,"red"
"Emmett",12.41,13.38,"red"
"Brielle",13.57,13.88,"blue"
"Brien",13.41,13.91,"orange"
"Branson",12.66,13.18,"blue"
"Lucetta",12.2,13.84,"orange"
"Roberta",12.15,12.92,"green"
"Rosaria",12.91,13.13,"orange"
"Elana",13.14,11.52,"green"
"Doloris",12.66,12.29,"yellow"
"Addisyn",13.11,12.86,"yellow"
"Rakeem",13.38,11.73,"yellow"
"Freda",13,12.88,"green"
"Alize",12.75,12.84,"yellow"
"Waldo",12.94,12.59,"red"
"Zara",13.15,13.31,"blue"
"Olivine",12.2,12.4,"blue"
"Marjorie",13.01,14.45,"orange"
"Mercedes",13,12.13,"orange"
"Percival",12.37,13.94,"orange"
"Marquis",12.87,12.24,"yellow"
"Karla",12.97,14.06,"orange"
"Kelcie",12.5,11.84,"orange"
"Vikki",13.04,12.94,"blue"
"Deena",13.26,12.31,"blue"
"Raleigh",12.62,11.95,"orange"
"Maren",12.86,12.28,"orange"
"Tory",13.02,14.39,"red"
"Johnnie",13.06,13.56,"red"
"Jaliyah",12.2,13.7,"green"
"Bryn",13.27,12.46,"red"
"Aura",12.8,12.37,"orange"
"Ezra",14,13.72,"yellow"
"Kaya",13.17,12.97,"green"
"Gigi",11.85,13.86,"red"
"Hunt",12.72,13.29,"yellow"
"Lupe",13.86,14.41,"orange"
"Ellen",12.91,13.41,"blue"
"Janey",12.44,11.51,"yellow"
"Winthrop",12.66,14.16,"blue"
"Orie",13.96,14.35,"orange"
"Roena",13.19,13.39,"blue"
"Dylon",13.01,13.29,"red"
"Dionte",11.72,11.7,"blue"
"Baxter",12.98,13.3,"green"
"Lenna",13.4,13.31,"red"
"Daja",12.51,12.91,"green"
"Porter",13.96,13.95,"orange"
"Carlyle",13.74,11.51,"yellow"
"Sol",13.38,13.48,"yellow"
"Robby",12.72,13.87,"red"
"Ina",13.5,11.53,"red"
"Orson",13.51,13.7,"green"
"Nakia",12.76,12.04,"blue"
"Jacoby",13.35,12.38,"green"
"Ethyl",13.31,13.26,"blue"
"Talia",12.94,13.11,"red"
"Janis",13.49,11.99,"green"
"Santa",12.78,14.39,"blue"
"Booker",12.45,12.46,"yellow"
"Ridge",12.86,11.69,"blue"
"Latoya",13.05,13.09,"red"
"Shawn",13.17,13.42,"blue"
"Renada",13.78,12.16,"green"
"Dorathy",12.42,13.4,"red"
"Tammy",13.34,12.08,"yellow"
"Chadrick",14.18,12.25,"yellow"
"Creola",11.92,14.34,"yellow"
"Wood",11.68,12.99,"yellow"
"Carleigh",13.49,11.73,"orange"
"Katharyn",13.36,12.19,"green"
"Amir",13.75,12.51,"orange"
"Netta",13.69,11.57,"red"
"Francina",13.42,12.63,"green"
"Arnett",12.96,13.26,"orange"
"Cordero",12.68,13.03,"green"
"Maryellen",12.74,12.6,"yellow"
"Lexi",14.03,13.17,"orange"
"Kristi",12.49,14.08,"yellow"
"Vergie",12.9,14.25,"blue"
"Octavio",12.84,12.08,"red"
"Woodroe",12.48,14.13,"green"
"Arlie",12.68,11.54,"red"
"Ferrell",13.86,11.59,"green"
"Ah",12.66,14.03,"red"
"Danica",13.52,13.74,"yellow"
"Dominic",12.51,14.31,"yellow"
"Felicie",12.4,11.65,"red"
"Maliyah",13.34,14.34,"green"
"Eugene",13.43,12.84,"blue"
"Jones",12.62,11.97,"green"
"Gasper",12.37,13.63,"green"
"Desi",12.9,12.92,"blue"
"Corrina",13.59,13.51,"yellow"
"Jamar",12.6,12.73,"orange"
"Kenji",13.06,13.78,"orange"
"Lillian",13.15,12.44,"red"
"Melvina",13.37,11.82,"green"
"Nolen",12.99,12.68,"red"
"Ellery",12.81,13.83,"orange"
"Malvin",13.55,13.05,"green"
"Burrell",13.12,12.38,"blue"
"Hjalmar",12.9,14.47,"green"
"Jaheem",12.26,11.87,"blue"
"Shaquille",12.51,12.33,"blue"
"Hershel",12.4,13.63,"orange"
"Georgina",13.66,14.49,"green"
"Robyn",13.37,13.13,"red"
"Katherine",12.76,11.94,"yellow"
"Orval",12.26,13.38,"red"
"Delmar",13.5,13.1,"blue"
"Sinda",13.56,13.39,"blue"
"Sophronia",12.63,13.34,"green"
"Sofia",13.22,12.51,"orange"
"Annika",12.1,12.64,"green"
"Gianna",12.33,12.35,"yellow"
"Abdullah",13.15,14.09,"green"
"Jayson",12.35,14.42,"yellow"
"Mikalah",11.87,13.31,"yellow"
"Abb",11.6,13.26,"red"
"Araminta",12.31,13.31,"blue"
"Kaila",12.72,14.44,"green"
"Deidre",13.01,14.47,"yellow"
"Michaele",12.97,14.07,"red"
"Cosmo",12.72,11.77,"green"
"Natalee",13.65,11.73,"orange"
"Montgomery",13.08,12.75,"orange"
"Katelin",12.36,13.12,"blue"
"Nicole",13.08,13.65,"blue"
"Antonio",13.75,11.83,"blue"
"Anabelle",12.56,11.52,"blue"
"Artelia",12.7,12.93,"orange"
"Chaya",12.93,13.85,"blue"
"Jamari",12.82,14.25,"green"
"Felix",13.57,14.24,"green"
"Manson",12.82,13.04,"blue"
"Dafne",13.52,14.12,"yellow"
"Donell",11.71,14.34,"blue"
"Ronald",12.18,11.78,"yellow"
"Pearl",13.27,13.5,"orange"
"Alani",12.51,13.58,"green"
"Alfred",13.06,12.42,"yellow"
"Joi",11.89,12.77,"red"
"Besse",12.67,13.68,"yellow"
"Marni",12.87,13.31,"yellow"
"Maude",13.72,14.21,"green"
"Brittni",13.03,13.34,"orange"
"Georgene",13.47,12.14,"green"
"Burl",12.96,12.84,"green"
"Elton",13.75,14.2,"yellow"
"Justine",12.35,13.54,"red"
"Franklyn",12.35,12.62,"green"
"Lollie",12.62,12.49,"orange"
"Damaris",12.77,13.31,"green"
"Kylah",12.84,13.5,"yellow"
"Virgle",12.87,11.74,"blue"
"Joseline",12.87,11.55,"red"
"Lennie",13.56,12.38,"red"
"Joetta",12.77,13.16,"orange"
"Elgin",12.86,11.84,"blue"
"Savanah",13.5,13.62,"blue"
"Felipa",12.75,14.19,"green"
"Abelardo",12.8,13.96,"green"
"Loda",12.33,13.96,"green"
"Greyson",14.14,14.12,"yellow"
"Carolynn",12.83,13.42,"orange"
"Brandie",12.57,14.07,"orange"
"Margretta",12.53,14.07,"orange"
"Anabel",13.6,14.32,"orange"
"Lesli",12.62,11.67,"orange"
"Joan",13.3,14.36,"green"
"Faye",13.67,12.48,"red"
"Bryant",14.23,11.73,"green"
"Alisha",12.59,11.56,"blue"
"Shanice",12.63,13.21,"yellow"
"Sheri",13.32,12.78,"red"
"Walton",13.33,12.11,"blue"
"Lucius",12.64,12.06,"blue"
"Marti",13.3,13.16,"red"
"Leora",13.14,14.14,"blue"
"Jamin",12.46,12.05,"blue"
"Karyn",13.16,12.93,"yellow"
"Ednah",12.51,12.25,"yellow"
"Jarett",13.54,13.27,"red"
"Hortensia",13.76,13.38,"orange"
"Dorothea",13.38,12.22,"orange"
"Colter",13.58,12.6,"red"
"Starla",13.25,12.97,"yellow"
"Versa",13.12,14.21,"blue"
"Kadyn",12.83,13.25,"orange"
"Rutha",13.21,13.98,"orange"
"Job",13.06,13.97,"yellow"
"Lucien",12.29,12.89,"green"
"Wyatt",12.99,12.09,"green"
"Devin",13.21,12.68,"orange"
"Koby",13.93,13.23,"orange"
"Darrien",12.82,11.57,"red"
"John",13.98,13.51,"red"
"Penny",11.99,11.93,"blue"
"Kennedy",13.03,12.24,"red"
"Adele",13.71,12.14,"yellow"
"Autumn",13.69,11.86,"orange"
"Council",12.73,11.66,"green"
"Myer",12.48,13.16,"orange"
"Ebb",12.87,12.08,"red"
"Manda",12.96,13.91,"orange"
"Merilyn",13.45,13.79,"green"
"Djuna",13.07,14.07,"orange"
"Zelpha",12.71,12.69,"blue"
"Arie",12.96,12.73,"green"
"Talon",12.66,13.74,"red"
"Jamison",13.1,11.66,"yellow"
"Emmit",13.07,12.79,"red"
"Karol",13.12,13.54,"green"
"Yusuf",11.98,14.1,"blue"
"Jaycee",12.71,11.9,"red"
"Sylvan",12.92,14,"yellow"
"Mandi",13.01,12.18,"yellow"
"Jeremie",12.32,13.89,"green"
"Nealie",14.06,12.85,"green"
"Shanda",12.92,12.96,"orange"
"Tyrese",12.25,14.46,"red"
"Kaden",12.67,12.05,"blue"
"Estefani",12.83,14.36,"orange"
"Dorthea",12.67,13.41,"orange"
"Roseann",13.48,12.01,"red"
"Sawyer",13.84,13.12,"orange"
"Daunte",13.1,13.72,"orange"
"Yurem",13.18,13.4,"red"
"Brenden",13.42,13.84,"yellow"
"Algernon",12.95,12.22,"orange"
"Mariano",12.6,14.26,"green"
"Nyah",12.85,11.84,"green"
"Ismael",13.34,12.18,"green"
"Tobias",13.3,14.17,"red"
"Jo",12.48,13.98,"yellow"
"Jillian",12.85,13.5,"orange"
"Tea",12.18,12.53,"orange"
"Fredericka",12.79,13.77,"yellow"
"Louise",13.13,13.46,"orange"
"Brandyn",13.82,12.98,"green"
"Hayley",12.68,14.45,"yellow"
"Brittanie",12.9,13.54,"orange"
"Quiana",12.74,12.4,"red"
"Melbourne",12.47,12.55,"blue"
"Farris",12.43,13.99,"blue"
"Zaire",13.77,14.27,"yellow"
"Jesenia",13.04,11.6,"orange"
"Kaia",13.32,13.39,"green"
"Bulah",13.17,14.08,"orange"
"Brianne",12.13,12.03,"yellow"
"Shelly",13.42,14.18,"orange"
"Bush",12.92,12.57,"red"
"Mammie",12.42,12.8,"blue"
"Mena",12.51,12.4,"orange"
"Rylan",12.35,11.68,"blue"
"Tallie",13.68,12.43,"orange"
"Jordin",12.53,11.85,"orange"
"Angeline",12.49,14.33,"orange"
"Chantelle",12.75,13.59,"green"
"Amasa",13.53,14.31,"green"
"Noreta",12.55,13.55,"red"
"Linzy",13.59,11.6,"blue"
"Jesse",13.98,14.43,"yellow"
"Tariq",12.27,12.94,"green"
"Herschel",13.25,13,"blue"
"Margarete",12.97,12.74,"orange"
"Hershell",12.21,13.89,"orange"
"Markita",13.5,12.68,"red"
"Etter",12.95,13.66,"blue"
"Yamilet",12.8,11.75,"green"
"Casper",13.14,13.19,"red"
"Roy",13.43,12.79,"red"
"Isabella",13.36,14.32,"blue"
"Ryland",13.15,13.79,"blue"
"Taina",13.67,14.47,"yellow"
"Deante",13.02,13.91,"green"
"Lyla",12.9,13.55,"green"
"Augustin",12.67,13.55,"red"
"Ricky",12.95,13.65,"blue"
"Luna",12.63,12.87,"orange"
"Carley",13.37,12.02,"orange"
"Pratt",12.59,12.47,"red"
"Latarsha",12.73,11.83,"blue"
"Nira",11.98,14.16,"orange"
"Polk",13,14.1,"green"
"Vaughn",12.7,12.39,"orange"
"Wardell",12.96,12.06,"red"
"Joell",13.43,13.44,"orange"
"Huy",13.21,12.77,"blue"
"Rick",13.71,12.97,"blue"
"Zaida",12.37,13.53,"orange"
"Sharde",13.06,13.39,"yellow"
"Bebe",13.48,11.55,"yellow"
"Lenord",12.66,11.63,"blue"
"Roddy",11.93,14.01,"red"
"Whitney",12.94,14.5,"red"
"Buddie",13.85,12.63,"blue"
"Rigoberto",13.58,13.27,"green"
"Rhoda",12.86,13.24,"orange"
"Evangelina",14.01,12.94,"green"
"Vesta",12.99,12.45,"red"
"Von",13.75,14.26,"orange"
"Emory",13.47,12.7,"green"
"Kathyrn",13.21,13.75,"blue"
"Yuridia",12.77,13.37,"blue"
"Vera",13.29,11.85,"blue"
"Pearline",12.74,13.21,"green"
"Michale",13.2,12.56,"green"
"Needham",12.82,11.7,"red"
"Golda",12.89,13.66,"blue"
"Aden",13.2,13.73,"green"
"Estella",12.77,14.25,"orange"
"Otha",12.66,13.2,"red"
"Marylee",13.54,14.45,"red"
"Dennis",13.66,14.31,"blue"
"Tracy",12.87,13.25,"green"
"Zandra",13.62,11.93,"red"
"Elma",12.49,12.12,"orange"
"Zela",13.83,13.69,"blue"
"Liz",12.12,12.48,"green"
"Shanita",13.49,14.12,"yellow"
"Corbett",13.57,12.61,"green"
"Dee",12.52,11.52,"orange"
"Theodis",13.22,12.37,"blue"
"Alexander",12.61,13.7,"red"
"Charlene",13.83,13.94,"orange"
"Ardis",12.81,13.27,"yellow"
"Columbus",13.51,13.66,"green"
"Emmy",13.27,11.81,"orange"
"Reva",11.93,12.97,"blue"
"Darryl",13.26,13.47,"yellow"
"Alejandra",13.96,11.88,"yellow"
"Olive",13.26,13.04,"orange"
"Emmie",13.96,12.48,"orange"
"Alwina",14,13.28,"yellow"
"Florene",12.8,12.81,"orange"
"Hassie",13.05,12.59,"yellow"
"Zina",13.15,14.26,"yellow"
"Odalys",13.36,13.7,"yellow"
"Larue",12.95,14.21,"orange"
"Deondre",13.22,12.47,"green"
"Mahlon",13.89,13.1,"orange"
"Norton",13.2,11.98,"red"
"Ofelia",13.68,11.92,"yellow"
"Merna",11.9,13.89,"yellow"
"Lassie",12.26,12.41,"yellow"
"Luella",12.57,12.1,"green"
"Dimitrios",13.22,12.08,"orange"
"Fabian",13.55,12.07,"blue"
"Delila",13.18,13.54,"green"
"Nathen",13.1,14.12,"red"
"Cyrus",12.92,12.68,"green"
"Torie",12.59,14.09,"orange"
"Tyson",12.99,12.83,"yellow"
"Josie",12.05,12.88,"yellow"
"Abner",12.86,11.68,"orange"
"Towanda",13.23,12.47,"yellow"
"Kadeem",13.38,13.55,"green"
"Marrion",12.68,12.11,"yellow"
"Venice",12.52,12.26,"green"
"Maymie",12.46,14.22,"orange"
"Estevan",12.92,14,"yellow"
"Adah",12.47,14.38,"blue"
"Milan",13.77,14.26,"red"
"Easter",13.65,14.37,"green"
"Sheilah",13.24,14.17,"red"
"Mateo",13.75,11.89,"blue"
"Carlene",12.98,12.04,"green"
"Gabriel",11.76,12,"yellow"
"Woody",12.04,11.58,"blue"
"Mariana",13.11,13.72,"yellow"
"Kenyatta",13.75,14.27,"orange"
"Tillman",13.7,14,"orange"
"Agustus",12.67,11.76,"yellow"
"Yareli",13.31,14.41,"yellow"
"Cherise",12.56,13.29,"blue"
"Murl",12.69,11.67,"green"
"Zack",13.03,12.65,"blue"
"Bethzy",12.51,12.65,"orange"
"Jase",12.51,12,"yellow"
"Cordaro",13.5,12.79,"orange"
"Frank",12.63,14.06,"green"
"Mitch",13.08,14.42,"blue"
"Alfie",12.13,12.04,"red"
"Lelar",12.52,14.34,"red"
"Johnathon",13.26,12.07,"yellow"
"Cierra",12.97,12.87,"orange"
"Lorin",13.13,13.79,"red"
"Shiela",13.07,12.09,"yellow"
"Irene",12.24,13.88,"yellow"
"Owen",12.88,14.04,"green"
"Cielo",12.72,12.32,"green"
"Olympia",12.24,14.03,"green"
"Corey",13.49,13.44,"green"
"Tamara",13.28,14.45,"orange"
"Gilberto",13,13.38,"yellow"
"Willie",11.88,12.77,"green"
"Mackenzie",11.94,13.59,"orange"
"Lark",12.99,12.33,"orange"
"Kolby",13.71,12.27,"yellow"
"Rush",12.78,11.9,"orange"
"Patience",12.49,12.34,"blue"
"Joanie",13.29,13.38,"blue"
"Gladstone",13.59,13.68,"blue"
"Loma",13.01,13.44,"blue"
"Winifred",12.58,13.25,"yellow"
"Donovan",12.72,13.36,"yellow"
"Flint",12.7,12.93,"yellow"
"Lindsey",12.84,11.92,"blue"
"Ewell",13.22,13.51,"blue"
"Kate",13.53,12.75,"orange"
"Luciana",13.9,13.62,"red"
"Jaydon",12.9,13.41,"green"
"Destiney",13.07,14.39,"red"
"Ollie",12.6,12.01,"yellow"
"Erling",12.18,13.43,"blue"
"Lyndsay",13.31,12.43,"orange"
"Leda",13.45,13.32,"green"
"Bill",14.4,13.14,"green"
"Hamilton",13.52,14.24,"blue"
"Paralee",13.11,12.58,"red"
"Darren",12.91,12.68,"green"
"Kaitlynn",12.95,13.89,"orange"
"Brittaney",12.77,12.76,"green"
"Margarito",13.91,13.27,"orange"
"Zander",12.99,12.76,"orange"
"Marlon",12.78,13.05,"blue"
"Halle",12.79,13.72,"green"
"Charolette",12.84,13.15,"green"
"Nasir",12.99,12.01,"yellow"
"Montel",12.39,13.11,"orange"
"Paxton",12.93,12.3,"green"
"Jayvon",12.74,13.68,"green"
"Enriqueta",12.96,12.33,"red"
"Deacon",12.8,11.9,"red"
"Daisha",13.3,14.22,"blue"
"Virgil",12.97,11.5,"orange"
"Cristian",13.06,11.71,"red"
"Garnett",13.14,11.65,"orange"
"Plummer",13.82,13.56,"yellow"
"Delton",12.46,13.38,"yellow"
"Loree",12.86,13.27,"yellow"
"Georganna",12.34,14.47,"red"
"Victorine",12.87,13.44,"orange"
"Obed",13.51,12.75,"orange"
"Scott",12.87,13.55,"yellow"
"Bobbi",12.49,11.85,"yellow"
"Samuel",12.5,14.42,"blue"
"Dena",13.42,13.7,"blue"
"Claiborne",13.57,12.88,"orange"
"Lonie",12.91,13.82,"yellow"
"Dwane",12.73,14.11,"green"
"Chanelle",12.85,13.71,"orange"
"Axel",13.06,14.49,"blue"
"Roby",12.99,12.26,"blue"
"Shanell",13.92,13.74,"yellow"
"Beyonce",13.55,12.93,"red"
"Jered",12.15,12.76,"red"
"Robb",12.65,14.31,"green"
"Arra",13.36,11.99,"green"
"Lakisha",12.88,11.88,"orange"
"Elmer",13.54,14.01,"blue"
"Eliezer",12.83,11.62,"blue"
"Izola",13.53,14.04,"red"
"Carl",12.28,13.01,"green"
"Boyce",12.94,14,"red"
"Sing",13.37,13.11,"red"
"Edythe",13.39,12.66,"yellow"
"Daryle",13.21,13.32,"yellow"
"Moe",12.96,12.84,"orange"
"Matilda",12.95,14.4,"orange"
"Nelda",12.98,11.55,"red"
"Kathlyn",12.3,13.77,"yellow"
"Clide",12.78,13.41,"red"
"Laurance",12.94,14.34,"orange"
"Lane",12.78,11.53,"yellow"
"Venessa",13.7,13.84,"red"
"Callie",12.82,13.17,"blue"
"Lesley",12.66,12.14,"yellow"
"Adrien",12.57,14.06,"green"
"Stonewall",13.27,13.54,"orange"
"Wally",12.07,11.67,"red"
"Charmaine",13.35,14.4,"blue"
"Dianna",13.54,12.74,"orange"
"Armida",12.98,13.72,"yellow"
"Greggory",12.83,12.69,"yellow"
"Sharlene",12.76,14.07,"blue"
"Kira",12.54,11.64,"green"
"Darla",12.87,13.31,"yellow"
"Maida",12.99,13.4,"red"
"Mettie",13.19,13.25,"blue"
"Merri",12.89,12.39,"green"
"Caddie",13.37,12.42,"blue"
"Adalynn",13.18,14.38,"red"
"Daxton",13.73,11.77,"blue"
"Marchello",12.91,13.11,"orange"
"Sydney",13.11,11.82,"green"
"Halie",12.83,13.76,"red"
"Yahir",12.88,12.81,"yellow"
"Kennard",12.36,14.48,"yellow"
"Joshuah",14.08,12.4,"orange"
"Orah",12.79,14.34,"red"
"Claud",12.96,11.68,"red"
"Felipe",12.88,11.5,"green"
